<?xml version="1.0" encoding="UTF-8"?>
<project-private xmlns="http://www.netbeans.org/ns/project-private/1">
    <editor-bookmarks xmlns="http://www.netbeans.org/ns/editor-bookmarks/2" lastBookmarkId="0"/>
    <open-files xmlns="http://www.netbeans.org/ns/projectui-open-files/2">
        <group>
            <file>file:/C:/Users/Marion/Desktop/Licence_Pro_Projects/java/faerun_battle/src/data/Castle.java</file>
            <file>file:/C:/Users/Marion/Desktop/Licence_Pro_Projects/java/faerun_battle/src/data/Warrior.java</file>
            <file>file:/C:/Users/Marion/Desktop/Licence_Pro_Projects/java/faerun_battle/src/util/BoardGameHelper.java</file>
            <file>file:/C:/Users/Marion/Desktop/Licence_Pro_Projects/java/faerun_battle/src/data/Square.java</file>
            <file>file:/C:/Users/Marion/Desktop/Licence_Pro_Projects/java/faerun_battle/src/data/BoardGame.java</file>
            <file>file:/C:/Users/Marion/Desktop/Licence_Pro_Projects/java/faerun_battle/src/Test.java</file>
        </group>
    </open-files>
</project-private>
